ApplicantID,Applicant_User_ID,Goal
A1,U001,Job Switch
A2,U002,Skill Development
A3,U003,Interview Practice
A4,U004,Career Guidance
A5,U005,Interview Practice
A6,U006,Job Switch
A7,U007,Career Guidance
A8,U008,Job Switch
A9,U009,Career Guidance
A10,U010,Interview Practice
A11,U011,Job Switch
A12,U012,Interview Practice
A13,U013,Job Switch
A14,U014,Job Switch
A15,U015,Job Switch
A16,U016,Interview Practice
A17,U017,Interview Practice
A18,U018,Skill Development
A19,U019,Career Guidance
A20,U020,Interview Practice
A21,U021,Profile enhancement
A22,U022,Skill Development
A23,U023,Skill Development
A24,U024,Profile enhancement
A25,U025,Job Switch
A26,U026,Profile enhancement
A27,U027,Job Switch
A28,U028,Interview Practice
A29,U029,Profile enhancement
A30,U030,Profile enhancement
A31,U031,Skill Development
A32,U032,Skill Development
A33,U033,Profile enhancement
A34,U034,Profile enhancement
A35,U035,Skill Development
A36,U036,Skill Development
A37,U037,Skill Development
A38,U038,Career Guidance
A39,U039,Profile enhancement
A40,U040,Career Guidance
A41,U041,Profile enhancement
A42,U042,Job Switch
A43,U043,Job Switch
A44,U044,Interview Practice
A45,U045,Job Switch
A46,U046,Job Switch
A47,U047,Interview Practice
A48,U048,Skill Development
A49,U049,Skill Development
A50,U050,Interview Practice
