DomainID,DOM_User_ID,FieldID,RoleID,Specialization
D1,U028,F13,R13,Community Engagement
D2,U036,F4,R9,Sales and Trading
D3,U036,F4,R17,Sales and Trading
D4,U041,F7,R9,Anthropology
D5,U039,F9,R17,Data Visualization
D6,U039,F1,R17,Software Development
D7,U039,F13,R14,Crisis Management
D8,U003,F13,R11,Crisis Management
D9,U004,F6,R5,Civil Engineering
D10,U004,F7,R18,Political Science
D11,U049,F16,R14,Content Strategy
D12,U049,F15,R8,Microeconomics
D13,U049,F19,R6,Automation
D14,U030,F19,R18,Sensors
D15,U030,F18,R5,Tax Preparation
D16,U047,F16,R4,Market Research
D17,U047,F5,R19,Public Health
D18,U032,F12,R18,Environmental Policy
D19,U032,F4,R18,Mergers and Acquisitions
D20,U032,F12,R17,Climate Science
D21,U033,F14,R10,Inventory Management
D22,U040,F18,R19,Tax Preparation
D23,U040,F7,R5,Anthropology
D24,U040,F10,R6,Counseling
D25,U022,F16,R5,Market Research
D26,U037,F15,R9,Behavioral Economics
D27,U037,F5,R12,Public Health
D28,U037,F4,R15,Equity Research
D29,U020,F10,R8,Organizational Psychology
D30,U020,F18,R18,Auditing
D31,U020,F6,R16,Civil Engineering
D32,U043,F6,R16,Civil Engineering
D33,U043,F3,R18,Strategy Consulting
D34,U043,F19,R2,Machine Control
D35,U050,F20,R16,Special Education
D36,U050,F12,R18,Climate Science
D37,U050,F4,R18,Equity Research
D38,U050,F6,R18,Electrical Engineering
D39,U027,F19,R20,Machine Control
D40,U023,F18,R16,Financial Reporting
D41,U023,F14,R4,Distribution
D42,U014,F9,R20,Data Visualization
D43,U042,F8,R4,Supply Chain
D44,U018,F9,R7,Machine Learning
D45,U018,F16,R5,Advertising
D46,U018,F3,R6,Management Consulting
D47,U046,F10,R13,Neuropsychology
D48,U025,F7,R1,Political Science
D49,U025,F5,R17,Epidemiology
D50,U024,F15,R4,Economic Policy
D51,U005,F12,R13,Ecology
D52,U034,F18,R15,Cost Accounting
D53,U034,F14,R18,Inventory Management
D54,U034,F15,R2,Macroeconomics
D55,U015,F3,R18,Management Consulting
D56,U015,F1,R18,Network Security
D57,U015,F1,R17,Network Security
D58,U015,F9,R17,Data Visualization
D59,U031,F9,R3,Data Engineering
D60,U031,F15,R4,Behavioral Economics
D61,U011,F12,R6,Sustainable Development
D62,U029,F12,R9,Climate Science
D63,U029,F20,R16,Educational Psychology
D64,U029,F16,R9,Digital Marketing
D65,U045,F11,R11,Genetic Engineering
D66,U045,F13,R16,Community Engagement
D67,U045,F4,R11,Equity Research
D68,U035,F17,R12,Penetration Testing
D69,U035,F11,R15,Biomanufacturing
D70,U035,F4,R5,Sales and Trading
D71,U019,F15,R12,Economic Policy
D72,U019,F2,R17,Investment Analysis
D73,U021,F13,R17,Media Relations
D74,U021,F18,R17,Financial Reporting
D75,U021,F10,R17,Organizational Psychology
D76,U026,F9,R13,Machine Learning
D77,U026,F9,R20,Machine Learning
D78,U026,F14,R1,Logistics
D79,U007,F2,R17,Corporate Finance
D80,U007,F6,R17,Electrical Engineering
D81,U008,F12,R10,Ecology
D82,U008,F16,R8,Advertising
D83,U048,F14,R4,Distribution
D84,U048,F5,R9,Public Health
D85,U048,F3,R4,IT Consulting
D86,U002,F14,R13,Logistics
D87,U002,F3,R16,Strategy Consulting
D88,U002,F17,R2,Threat Intelligence
D89,U006,F7,R2,Sociology Studies
D90,U038,F14,R16,Logistics
D91,U013,F7,R6,Political Science
