EduID,ED_User_ID,Institution,Degree,Field_of_Study,Start_date,End_date
Ed1,U001,Harvard University,Bachelor of Arts,Sociology,2001-06-08,2006-06-08
Ed2,U001,Columbia University,Master of Business Administration,Computer Science,2008-06-08,2010-08-19
Ed3,U002,University of Oxford,Bachelor of Arts,Mathematics,1993-08-04,1999-08-05
Ed4,U002,MIT,Master of Arts,Physics,2001-08-04,2004-06-03
Ed5,U003,Caltech,Bachelor of Science,Mechanical Engineering,1998-02-02,2003-02-02
Ed6,U003,Princeton University,Master of Arts,Business Administration,2005-02-02,2009-01-31
Ed7,U004,Columbia University,Bachelor of Science,Business Administration,2021-06-22,2027-06-23
Ed8,U004,Yale University,Master of Science,Computer Science,2029-06-22,2033-02-07
Ed9,U005,MIT,Bachelor of Arts,Psychology,1973-07-04,1979-07-04
Ed10,U005,Yale University,Master of Arts,Computer Science,1981-07-04,1983-08-15
Ed11,U006,Princeton University,Bachelor of Arts,Computer Science,1979-10-16,1984-10-15
Ed12,U006,Stanford University,Master of Science,Sociology,1986-10-16,1988-12-24
Ed13,U007,Harvard University,Bachelor of Arts,Electrical Engineering,2001-05-28,2006-05-29
Ed14,U007,Stanford University,Master of Business Administration,Electrical Engineering,2008-05-28,2011-09-11
Ed15,U008,Yale University,Bachelor of Arts,Electrical Engineering,2013-03-03,2019-03-04
Ed16,U008,UC Berkeley,Master of Business Administration,Psychology,2021-03-03,2024-02-24
Ed17,U008,Caltech,Doctor of Philosophy,Business Administration,2025-03-03,2028-07-10
Ed18,U009,University of Cambridge,Bachelor of Science,Sociology,2017-01-25,2021-01-25
Ed19,U009,Princeton University,Master of Science,Physics,2023-01-26,2025-10-14
Ed20,U009,Harvard University,Doctor of Philosophy,Computer Science,2027-01-26,2029-11-30
Ed21,U010,Columbia University,Bachelor of Arts,Mathematics,1980-12-11,1985-12-11
Ed22,U011,Columbia University,Bachelor of Science,Mechanical Engineering,2023-09-07,2029-09-06
Ed23,U011,Princeton University,Master of Arts,Psychology,2031-09-07,2034-05-22
Ed24,U012,University of Oxford,Bachelor of Science,Sociology,1981-07-01,1987-07-02
Ed25,U012,Princeton University,Master of Arts,Economics,1989-07-01,1992-01-12
Ed26,U013,Harvard University,Bachelor of Arts,Physics,1973-12-21,1979-12-22
Ed27,U013,Caltech,Master of Arts,Computer Science,1981-12-21,1985-01-08
Ed28,U014,Princeton University,Bachelor of Arts,Economics,1979-12-12,1984-12-11
Ed29,U014,Caltech,Master of Science,Electrical Engineering,1986-12-12,1990-06-02
Ed30,U014,Columbia University,Doctor of Philosophy,Business Administration,1991-12-12,1995-04-08
Ed31,U015,Harvard University,Bachelor of Arts,Sociology,2019-11-12,2024-11-11
Ed32,U015,University of Oxford,Master of Business Administration,Mathematics,2026-11-12,2030-02-03
Ed33,U016,Columbia University,Bachelor of Arts,Physics,2001-02-06,2004-02-07
Ed34,U016,MIT,Master of Arts,Business Administration,2006-02-06,2009-12-10
Ed35,U016,Princeton University,Doctor of Philosophy,Biology,2011-02-07,2013-08-23
Ed36,U017,Princeton University,Bachelor of Arts,Mechanical Engineering,1988-09-21,1991-09-22
Ed37,U017,Harvard University,Master of Business Administration,Economics,1993-09-21,1995-10-31
Ed38,U018,Yale University,Bachelor of Science,Mathematics,1974-01-07,1978-01-07
Ed39,U019,MIT,Bachelor of Arts,Physics,2014-09-05,2017-09-04
Ed40,U019,University of Cambridge,Master of Business Administration,Sociology,2019-09-05,2023-06-04
Ed41,U019,Harvard University,Doctor of Philosophy,Sociology,2024-09-05,2027-11-01
Ed42,U020,University of Oxford,Bachelor of Science,Biology,1990-05-13,1993-05-13
Ed43,U020,UC Berkeley,Master of Arts,Electrical Engineering,1995-05-13,1999-02-08
Ed44,U020,Columbia University,Doctor of Philosophy,Psychology,2000-05-13,2003-07-07
Ed45,U021,Yale University,Bachelor of Science,Physics,1989-10-30,1992-10-29
Ed46,U021,Caltech,Master of Business Administration,Business Administration,1994-10-30,1998-01-08
Ed47,U022,Columbia University,Bachelor of Arts,Economics,1998-01-02,2002-01-02
Ed48,U022,Yale University,Master of Science,Business Administration,2004-01-03,2006-02-08
Ed49,U022,Yale University,Doctor of Philosophy,Biology,2008-01-03,2011-04-23
Ed50,U023,Yale University,Bachelor of Arts,Computer Science,1979-09-17,1982-09-17
Ed51,U023,MIT,Master of Arts,Mechanical Engineering,1984-09-16,1988-04-15
Ed52,U024,Columbia University,Bachelor of Arts,Sociology,1995-04-02,2001-04-01
Ed53,U025,Yale University,Bachelor of Arts,Mathematics,1991-09-13,1996-09-13
Ed54,U025,Columbia University,Master of Business Administration,Computer Science,1998-09-13,2001-03-27
Ed55,U026,Yale University,Bachelor of Science,Psychology,1997-04-15,2000-04-15
Ed56,U026,Columbia University,Master of Science,Biology,2002-04-15,2005-04-15
Ed57,U026,MIT,Doctor of Philosophy,Mathematics,2007-04-16,2009-11-30
Ed58,U027,Stanford University,Bachelor of Arts,Mathematics,2013-10-14,2018-10-14
Ed59,U028,University of Cambridge,Bachelor of Science,Economics,2015-03-19,2020-03-18
Ed60,U028,University of Oxford,Master of Arts,Computer Science,2022-03-19,2026-02-17
Ed61,U028,Princeton University,Doctor of Philosophy,Business Administration,2027-03-19,2029-12-13
Ed62,U029,Harvard University,Bachelor of Science,Mechanical Engineering,1984-10-02,1987-10-03
Ed63,U029,Princeton University,Master of Arts,Biology,1989-10-02,1993-04-14
Ed64,U029,MIT,Doctor of Philosophy,Computer Science,1994-10-03,1997-08-20
Ed65,U030,Columbia University,Bachelor of Science,Mechanical Engineering,2022-07-22,2027-07-22
Ed66,U031,Yale University,Bachelor of Arts,Electrical Engineering,2008-09-19,2014-09-20
Ed67,U032,University of Cambridge,Bachelor of Science,Economics,2008-09-24,2013-09-24
Ed68,U032,UC Berkeley,Master of Business Administration,Sociology,2015-09-25,2019-06-23
Ed69,U033,Yale University,Bachelor of Arts,Biology,1975-11-29,1978-11-28
Ed70,U034,Stanford University,Bachelor of Arts,Psychology,1994-11-27,1998-11-27
Ed71,U035,MIT,Bachelor of Science,Computer Science,2006-12-05,2010-12-05
Ed72,U035,Yale University,Master of Arts,Psychology,2012-12-05,2016-09-19
Ed73,U035,Harvard University,Doctor of Philosophy,Psychology,2017-12-05,2021-11-19
Ed74,U036,University of Cambridge,Bachelor of Science,Business Administration,2009-06-07,2015-06-08
Ed75,U036,MIT,Master of Arts,Economics,2017-06-07,2020-04-21
Ed76,U037,Caltech,Bachelor of Science,Biology,1972-10-20,1977-10-21
Ed77,U037,Caltech,Master of Science,Mathematics,1979-10-21,1983-09-11
Ed78,U038,Stanford University,Bachelor of Science,Computer Science,1982-11-03,1985-11-03
Ed79,U038,Caltech,Master of Business Administration,Electrical Engineering,1987-11-03,1990-06-15
Ed80,U039,Columbia University,Bachelor of Science,Business Administration,2005-07-27,2009-07-27
Ed81,U039,University of Cambridge,Master of Business Administration,Economics,2011-07-28,2015-03-29
Ed82,U039,University of Cambridge,Doctor of Philosophy,Physics,2016-07-27,2018-12-14
Ed83,U040,University of Cambridge,Bachelor of Science,Sociology,1973-05-07,1979-05-07
Ed84,U041,Yale University,Bachelor of Arts,Psychology,2015-03-19,2018-03-18
Ed85,U041,University of Cambridge,Master of Arts,Computer Science,2020-03-18,2024-01-11
Ed86,U042,Yale University,Bachelor of Arts,Sociology,1989-05-27,1993-05-27
Ed87,U043,MIT,Bachelor of Science,Mechanical Engineering,1994-06-02,1998-06-02
Ed88,U043,Harvard University,Master of Science,Business Administration,2000-06-02,2003-05-02
Ed89,U044,Harvard University,Bachelor of Arts,Physics,1981-03-22,1985-03-22
Ed90,U044,Harvard University,Master of Business Administration,Physics,1987-03-23,1990-03-06
Ed91,U045,University of Oxford,Bachelor of Arts,Physics,1995-04-08,2000-04-07
Ed92,U046,Princeton University,Bachelor of Arts,Economics,1978-08-12,1984-08-12
Ed93,U047,UC Berkeley,Bachelor of Science,Mechanical Engineering,2013-08-07,2018-08-08
Ed94,U047,Stanford University,Master of Science,Mechanical Engineering,2020-08-07,2023-03-14
Ed95,U048,Caltech,Bachelor of Arts,Physics,2010-01-17,2015-01-18
Ed96,U048,Harvard University,Master of Arts,Electrical Engineering,2017-01-17,2019-03-23
Ed97,U049,Columbia University,Bachelor of Arts,Mechanical Engineering,2000-04-10,2003-04-11
Ed98,U050,University of Oxford,Bachelor of Arts,Mathematics,2023-06-05,2026-06-05
Ed99,U050,Caltech,Master of Business Administration,Physics,2028-06-04,2030-07-14
