Exp_ID,EXP_User_ID,Company,Title,Start_date,End_date
Exp77,U002,Google,Consultant,2004-11-30,2005-11-30
Exp78,U002,Adobe,Communications Specialist,2006-02-28,2008-02-28
Exp79,U002,Netflix,Communications Specialist,2008-05-28,2011-05-28
Exp5,U003,Apple,Communications Specialist,2009-07-30,2011-07-30
Exp6,U004,Netflix,Software Engineer,2033-08-06,2035-08-06
Exp7,U004,Salesforce,Software Engineer,2035-11-04,2036-11-03
Exp45,U005,IBM,Consultant,1984-02-11,1987-02-10
Exp82,U006,Microsoft,Software Engineer,1989-06-22,1989-12-24
Exp70,U007,Microsoft,Operations Manager,2012-03-09,2014-03-09
Exp71,U007,Netflix,Operations Senior Manager,2014-06-07,2017-06-06
Exp72,U008,Salesforce,Research Scientist,2029-01-06,2032-01-06
Exp73,U008,Netflix,Research Scientist,2032-04-05,2033-04-05
Exp54,U011,Google,Senior Content Strategist,2034-11-18,2036-11-17
Exp87,U013,Microsoft,Senior Content Strategist,1985-07-07,1986-01-08
Exp36,U014,Apple,Principal Investigator,1995-10-05,1998-10-04
Exp91,U015,Apple,Product Manager,2030-08-02,2031-02-03
Exp49,U015,Microsoft,Product Senior Manager,2031-05-04,2034-05-03
Exp50,U015,IBM,Operations Manager,2034-08-01,2035-08-01
Exp51,U015,IBM,Operations Senior Manager,2035-10-30,2036-10-29
Exp38,U018,Tesla,Assistant Project Manager,1978-07-06,1981-07-05
Exp39,U018,Apple,Manager Project Manager,1981-10-03,1982-10-03
Exp40,U018,IBM,Senior Manager Project Senior Manager,1983-01-01,1985-12-31
Exp64,U019,Microsoft,Principal Investigator,2028-04-29,2029-04-29
Exp65,U019,Salesforce,Lead Data Scientist,2029-07-28,2032-07-27
Exp25,U020,Tesla,Principal Investigator,2004-01-03,2006-01-02
Exp26,U020,Apple,Principal Investigator,2006-04-02,2007-04-02
Exp27,U020,Google,Research Scientist,2007-07-01,2009-06-30
Exp66,U021,Facebook,Operations Manager,1998-07-07,2001-07-06
Exp67,U021,Tesla,Operations Senior Manager,2001-10-04,2002-10-04
Exp68,U021,Netflix,Operations Manager,2003-01-02,2005-01-01
Exp22,U022,Apple,Research Scientist,2011-10-20,2013-10-19
Exp83,U023,Facebook,Consultant,1988-10-12,1989-04-15
Exp35,U023,IBM,Senior Content Strategist,1989-07-14,1990-07-14
Exp44,U024,Amazon,Content Strategist,2001-09-28,2002-09-28
Exp42,U025,IBM,Business Analyst,2001-09-23,2002-09-23
Exp43,U025,IBM,Operations Manager,2002-12-22,2005-12-21
Exp88,U026,Tesla,Research Scientist,2010-05-29,2010-11-30
Exp89,U026,Tesla,Principal Investigator,2011-02-28,2011-09-01
Exp69,U026,IBM,Research Scientist,2011-11-30,2014-11-29
Exp34,U027,Salesforce,Social Media Coordinator,2019-04-12,2022-04-11
Exp1,U028,Tesla,Research Scientist,2030-06-11,2032-06-10
Exp55,U029,Tesla,Research Scientist,1998-02-16,2000-02-16
Exp56,U029,Adobe,Research Scientist,2000-05-16,2001-05-16
Exp57,U029,Google,Research Scientist,2001-08-14,2003-08-14
Exp11,U030,IBM,Assistant Project Manager,2028-01-18,2030-01-17
Exp12,U030,Tesla,Manager Project Manager,2030-04-17,2031-04-17
Exp52,U031,Facebook,Marketing Assistant,2015-03-19,2017-03-18
Exp53,U031,Apple,Marketing Manager,2017-06-16,2019-06-16
Exp15,U032,Netflix,Product Manager,2019-12-20,2022-12-19
Exp16,U032,Facebook,Product Senior Manager,2023-03-19,2025-03-18
Exp17,U032,Facebook,Operations Manager,2025-06-16,2026-06-16
Exp18,U033,Tesla,Content Strategist,1979-05-27,1981-05-26
Exp46,U034,Tesla,Social Media Coordinator,1999-05-26,2001-05-25
Exp47,U034,Google,Marketing Assistant,2001-08-23,2003-08-23
Exp48,U034,Adobe,Marketing Manager,2003-11-21,2004-11-20
Exp61,U035,Facebook,Research Scientist,2022-05-18,2025-05-17
Exp62,U035,Amazon,Lead Data Scientist,2025-08-15,2027-08-15
Exp63,U035,Microsoft,Research Scientist,2027-11-13,2030-11-12
Exp81,U036,Google,Communications Specialist,2020-10-18,2021-04-21
Exp2,U036,Amazon,Consultant,2021-07-20,2024-07-19
Exp80,U037,Apple,Software Engineer,1984-03-09,1984-09-10
Exp23,U037,Apple,Data Scientist,1984-12-09,1986-12-09
Exp24,U037,Amazon,Data Scientist,1987-03-09,1988-03-08
Exp84,U038,Facebook,Business Analyst,1990-12-12,1991-06-15
Exp85,U039,Amazon,Lead Data Scientist,2019-06-12,2019-12-14
Exp86,U039,Google,Lead Data Scientist,2020-03-13,2020-09-14
Exp4,U039,Adobe,Principal Investigator,2020-12-13,2023-12-13
Exp19,U040,Adobe,Assistant Project Manager,1979-11-03,1980-11-02
Exp20,U040,Apple,Manager Project Manager,1981-01-31,1982-01-31
Exp21,U040,IBM,Senior Manager Project Senior Manager,1982-05-01,1985-04-30
Exp3,U041,IBM,Consultant,2024-07-09,2027-07-09
Exp37,U042,Adobe,Social Media Coordinator,1993-11-23,1995-11-23
Exp28,U043,IBM,Software Engineer,2003-10-29,2005-10-28
Exp29,U043,Tesla,Project Manager,2006-01-26,2009-01-25
Exp30,U043,Adobe,Project Senior Manager,2009-04-25,2011-04-25
Exp58,U045,Facebook,Content Strategist,2000-10-04,2001-10-04
Exp59,U045,Apple,Marketing Assistant,2002-01-02,2004-01-02
Exp60,U045,Google,Marketing Manager,2004-04-01,2006-04-01
Exp41,U046,Apple,Marketing Assistant,1985-02-08,1986-02-08
Exp13,U047,Google,Project Manager,2023-09-10,2024-09-09
Exp14,U047,Amazon,Project Senior Manager,2024-12-08,2026-12-08
Exp74,U048,Microsoft,Senior Content Strategist,2019-09-19,2021-09-18
Exp75,U048,Netflix,Communications Specialist,2021-12-17,2022-12-17
Exp76,U048,Amazon,Senior Content Strategist,2023-03-17,2024-03-16
Exp8,U049,Salesforce,Social Media Coordinator,2003-10-08,2006-10-07
Exp9,U049,Amazon,Content Strategist,2007-01-05,2008-01-05
Exp10,U049,Adobe,Marketing Assistant,2008-04-04,2011-04-04
Exp90,U050,Facebook,Business Analyst,2031-01-10,2031-07-14
Exp31,U050,Facebook,Product Manager,2031-10-12,2033-10-11
Exp32,U050,Amazon,Product Senior Manager,2034-01-09,2035-01-09
Exp33,U050,Microsoft,Product Manager,2035-04-09,2037-04-08
