MatchID,MentorID,ApplicantID,PlanID,Match_status,Date
MATCH1,M2,A48,P3,Rescheduled,2028-04-25
MATCH2,M9,A42,P3,Completed,2023-05-10
MATCH3,M5,A38,P2,Completed,2023-07-07
MATCH4,M1,A34,P3,Rescheduled,2023-04-05
MATCH5,M19,A11,P2,In progress,2039-06-02
MATCH6,M10,A42,P2,Rescheduled,2022-08-23
MATCH7,M9,A49,P2,Completed,2024-10-18
MATCH8,M4,A45,P3,Rescheduled,2022-02-26
MATCH9,M3,A48,P2,Rescheduled,2028-06-06
MATCH10,M8,A31,P1,Completed,2025-01-16
MATCH11,M9,A16,P2,Rescheduled,2021-07-20
MATCH12,M3,A20,P1,In progress,2023-02-18
MATCH13,M1,A25,P3,Completed,2024-05-02
MATCH14,M8,A12,P1,Rescheduled,2021-03-31
MATCH15,M10,A28,P2,Completed,2031-11-06
MATCH16,M19,A11,P1,Rescheduled,2039-07-08
MATCH17,M4,A42,P3,Completed,2023-01-29
MATCH18,M13,A1,P1,Rescheduled,2021-12-07
MATCH19,M10,A7,P2,In progress,2024-07-04
MATCH20,M11,A44,P2,Rescheduled,2022-03-07
MATCH21,M13,A27,P1,Rescheduled,2024-07-26
MATCH22,M10,A1,P2,Completed,2021-06-02
MATCH23,M4,A21,P2,In progress,2024-12-30
MATCH24,M15,A43,P1,Rescheduled,2025-04-27
MATCH25,M1,A2,P3,In progress,2025-06-21
MATCH26,M10,A15,P2,Completed,2039-08-23
MATCH27,M5,A38,P2,Completed,2023-11-04
MATCH28,M18,A1,P3,Completed,2021-07-21
MATCH29,M17,A25,P1,In progress,2024-02-03
MATCH30,M15,A11,P2,Rescheduled,2039-02-27
MATCH31,M1,A8,P2,Completed,2028-02-05
MATCH32,M4,A36,P1,Completed,2026-12-02
MATCH33,M3,A39,P2,Completed,2032-05-21
MATCH34,M1,A13,P2,Completed,2027-11-27
MATCH35,M4,A41,P1,Completed,2025-04-10
MATCH36,M18,A17,P3,Completed,2028-10-26
MATCH37,M5,A35,P3,Completed,2026-07-25
MATCH38,M17,A9,P3,Completed,2030-01-15
MATCH39,M4,A22,P1,Completed,2028-01-13
MATCH40,M20,A2,P3,Completed,2033-09-29
