PaymentID,P_MatchID,P_SessionID,Payment_Status,Method,Amount
PAY1,MATCH1,,Failed,Credit Card,100
PAY2,MATCH1,,Failed,PayPal,100
PAY3,,SS3,Failed,PayPal,7
PAY4,MATCH2,,Refunded,Bank Transfer,100
PAY5,MATCH2,,Refunded,Debit Card,100
PAY6,,SS8,Paid,Debit Card,10
PAY7,MATCH2,,Paid,Credit Card,100
PAY8,,SS10,Refunded,PayPal,7
PAY9,,SS10,Pending,PayPal,7
PAY10,MATCH3,,Pending,Bank Transfer,40
PAY11,,SS74,Refunded,Bank Transfer,10
PAY12,,SS11,Failed,PayPal,5
PAY13,MATCH4,,Pending,Bank Transfer,100
PAY14,,SS13,Failed,Bank Transfer,6
PAY15,MATCH4,,Pending,Bank Transfer,100
PAY16,MATCH5,,Paid,Debit Card,40
PAY17,,SS15,Pending,Bank Transfer,5
PAY18,MATCH5,,Paid,Debit Card,40
PAY19,MATCH16,,Paid,PayPal,20
PAY20,,SS17,Refunded,Bank Transfer,6
PAY21,,SS17,Refunded,Credit Card,6
PAY22,,SS44,Pending,Credit Card,9
PAY23,,SS44,Refunded,PayPal,9
PAY24,,SS18,Paid,Credit Card,7
PAY25,MATCH6,,Refunded,PayPal,40
PAY26,MATCH7,,Refunded,Credit Card,40
PAY27,,SS21,Pending,Bank Transfer,5
PAY28,MATCH7,,Refunded,Debit Card,40
PAY29,,SS26,Pending,Debit Card,5
PAY30,MATCH8,,Paid,Bank Transfer,100
PAY31,MATCH8,,Pending,PayPal,100
PAY32,,SS29,Pending,Debit Card,7
PAY33,MATCH9,,Refunded,Bank Transfer,40
PAY34,MATCH10,,Refunded,PayPal,20
PAY35,,SS34,Pending,Debit Card,7
PAY36,MATCH12,,Paid,PayPal,20
PAY37,MATCH12,,Refunded,Bank Transfer,20
PAY38,MATCH13,,Paid,PayPal,100
PAY39,,SS38,Paid,Debit Card,8
PAY40,,SS39,Refunded,Debit Card,10
PAY41,,SS40,Refunded,Credit Card,8
PAY42,MATCH14,,Paid,Debit Card,20
PAY43,,SS42,Paid,Credit Card,9
PAY44,,SS43,Pending,Bank Transfer,5
PAY45,MATCH17,,Paid,PayPal,100
PAY46,MATCH17,,Pending,Credit Card,100
PAY47,,SS47,Paid,Debit Card,6
PAY48,,SS48,Paid,Debit Card,8
PAY49,MATCH18,,Paid,Credit Card,20
PAY50,,SS51,Pending,Bank Transfer,6
PAY51,MATCH18,,Paid,Debit Card,20
PAY52,,SS53,Paid,Bank Transfer,7
PAY53,,SS54,Refunded,Credit Card,6
PAY54,,SS55,Paid,Debit Card,7
PAY55,,SS56,Paid,PayPal,9
PAY56,MATCH21,,Refunded,Credit Card,20
PAY57,,SS58,Pending,PayPal,5
PAY58,MATCH21,,Paid,Bank Transfer,20
PAY59,,SS60,Refunded,Bank Transfer,7
PAY60,MATCH22,,Paid,Bank Transfer,40
PAY61,MATCH22,,Pending,Bank Transfer,40
PAY62,MATCH23,,Refunded,Credit Card,40
PAY63,,SS64,Paid,PayPal,7
PAY64,,SS65,Pending,PayPal,7
PAY65,MATCH24,,Paid,Debit Card,20
PAY66,,SS67,Pending,Debit Card,5
PAY67,,SS68,Paid,PayPal,9
PAY68,MATCH25,,Pending,PayPal,100
PAY69,MATCH26,,Refunded,Bank Transfer,40
PAY70,,SS73,Refunded,Debit Card,7
PAY71,,SS75,Paid,Bank Transfer,7
PAY72,MATCH28,,Paid,Bank Transfer,100
PAY73,,SS77,Pending,Bank Transfer,6
PAY74,MATCH28,,Paid,Bank Transfer,100
PAY75,MATCH29,,Paid,PayPal,20
PAY76,,SS81,Paid,Debit Card,7
REF77,,SS48,Refunded,Debit Card,-8
REF78,MATCH5,,Refunded,Debit Card,-40
REF79,MATCH29,,Refunded,PayPal,-20
REF80,,SS53,Refunded,Bank Transfer,-7
REF81,,SS64,Refunded,PayPal,-7
PAY82,,SS57,Paid,Credit Card,5
PAY83,,SS52,Paid,Credit Card,5
PAY84,,SS1,Pending,Credit Card,9
PAY85,,SS12,Paid,Debit Card,5
PAY86,,SS70,Paid,Debit Card,6
PAY87,,SS4,Pending,Credit Card,6
PAY88,,SS41,Pending,Bank Transfer,6
PAY89,,SS7,Paid,PayPal,9
PAY90,,SS50,Paid,Debit Card,9
PAY91,,SS63,Paid,Bank Transfer,7
PAY92,,SS69,Pending,Debit Card,5
PAY93,,SS14,Pending,Debit Card,6
PAY94,,SS35,Pending,PayPal,10
PAY95,,SS9,Paid,PayPal,5
PAY96,,SS46,Pending,Credit Card,6
PAY97,,SS28,Paid,Credit Card,10
PAY98,,SS61,Pending,Credit Card,6
PAY99,,SS36,Paid,PayPal,6
PAY100,,SS59,Paid,Credit Card,6
PAY101,,SS80,Paid,Bank Transfer,7
PAY102,,SS62,Pending,PayPal,10
PAY103,,SS79,Paid,PayPal,10
PAY104,,SS20,Pending,PayPal,10
PAY105,,SS33,Paid,PayPal,7
PAY106,,SS23,Paid,Debit Card,5
PAY107,,SS19,Paid,PayPal,9
PAY108,,SS66,Paid,Bank Transfer,7
PAY109,,SS45,Paid,PayPal,7
PAY110,,SS37,Pending,Bank Transfer,8
PAY111,,SS32,Pending,Bank Transfer,10
PAY112,,SS27,Pending,Debit Card,9
PAY113,,SS76,Paid,Bank Transfer,9
PAY114,,SS2,Pending,Debit Card,7
PAY115,,SS16,Paid,Bank Transfer,6
