RatingID,MatchID,Stars,Feedback
RAT1,MATCH1,3,Average experience.
RAT2,MATCH2,3,Average experience.
RAT3,MATCH3,1,Disappointed.
RAT4,MATCH4,5,Excellent guidance and support!
RAT5,MATCH5,3,Average experience.
RAT6,MATCH6,3,Average experience.
RAT7,MATCH7,4,Insightful sessions.
RAT8,MATCH8,4,"Great mentor, very knowledgeable."
RAT9,MATCH9,5,Would recommend to others.
RAT10,MATCH10,5,"Amazing experience, highly recommend!"
RAT11,MATCH11,1,Lack of knowledge.
RAT12,MATCH12,1,Lack of knowledge.
RAT13,MATCH13,1,Unhelpful.
RAT14,MATCH14,2,Not very helpful.
RAT15,MATCH15,3,Average experience.
RAT16,MATCH16,3,Average experience.
RAT17,MATCH17,1,"Too basic, not insightful."
RAT18,MATCH18,4,Excellent mentor.
RAT19,MATCH19,1,Unhelpful.
RAT20,MATCH20,2,Below average experience.
RAT21,MATCH21,4,Helped me a lot with my resume.
RAT22,MATCH22,2,Would not recommend.
RAT23,MATCH23,2,Unhelpful.
RAT24,MATCH24,5,Exceeded expectations!
RAT25,MATCH25,5,"Great mentor, very knowledgeable."
RAT26,MATCH26,1,Below average experience.
RAT27,MATCH27,2,Not very helpful.
RAT28,MATCH28,3,Average experience.
RAT29,MATCH29,2,Below average experience.
RAT30,MATCH30,1,"Too basic, not insightful."
RAT31,MATCH31,1,"Too basic, not insightful."
RAT32,MATCH32,5,Excellent mentor.
RAT33,MATCH33,2,"Too basic, not insightful."
RAT34,MATCH34,5,Would recommend to others.
RAT35,MATCH35,4,Exceeded expectations!
RAT36,MATCH36,2,Did not meet my expectations.
RAT37,MATCH37,3,Average experience.
RAT38,MATCH38,4,Helped me a lot with my resume.
RAT39,MATCH39,3,Average experience.
RAT40,MATCH40,5,Exceeded expectations!
