SessionSlotID,SessionID,S_MentorID,S_ApplicantID,Description,Duration,Date,Fee
SS1,S1,M2,A48,Introduction,1 hours,2028-04-25,9
SS2,S2,M2,A48,Resume Review,1 hours,2028-05-15,7
SS3,S3,M2,A48,Skill Assessment,2 hours,2028-05-09,7
SS4,S4,M9,A42,Feedback Session,1 hours,2023-05-10,6
SS5,S5,M9,A42,Skill Assessment,2 hours,2023-06-08,9
SS6,S5,M9,A7,Skill Assessment,2 hours,2023-06-08,9
SS7,S5,M9,A21,Skill Assessment,2 hours,2023-06-08,9
SS8,S6,M9,A42,Introduction,1 hours,2023-06-17,10
SS9,S7,M9,A42,Mock Interview,2 hours,2023-08-08,5
SS10,S8,M5,A38,Feedback Session,1 hours,2023-07-07,7
SS11,S9,M1,A34,Goal Setting,1 hours,2023-04-05,5
SS12,S10,M1,A34,Skill Assessment,1 hours,2023-04-24,5
SS13,S11,M1,A34,Goal Setting,1 hours,2023-05-15,6
SS14,S12,M1,A34,Introduction,1 hours,2023-06-01,6
SS15,S13,M19,A11,Introduction,2 hours,2039-06-02,5
SS16,S14,M19,A11,Mock Interview,1 hours,2039-06-25,6
SS17,S15,M19,A11,Mock Interview,1 hours,2039-06-16,6
SS18,S16,M10,A42,Introduction,1 hours,2022-08-23,7
SS19,S17,M10,A42,Resume Review,2 hours,2022-09-05,9
SS20,S18,M9,A49,Mock Interview,1 hours,2024-10-18,10
SS21,S19,M9,A49,Skill Assessment,1 hours,2024-11-13,5
SS22,S20,M9,A49,Feedback Session,1 hours,2024-11-13,5
SS23,S20,M9,A44,Feedback Session,1 hours,2024-11-13,5
SS24,S21,M9,A49,Feedback Session,2 hours,2025-01-07,5
SS25,S21,M9,A5,Feedback Session,2 hours,2025-01-07,5
SS26,S21,M9,A9,Feedback Session,2 hours,2025-01-07,5
SS27,S22,M4,A45,Skill Assessment,2 hours,2022-02-26,9
SS28,S23,M4,A45,Introduction,1 hours,2022-03-20,10
SS29,S24,M3,A48,Goal Setting,1 hours,2028-06-06,7
SS30,S25,M3,A48,Goal Setting,1 hours,2028-06-23,10
SS31,S25,M3,A29,Goal Setting,1 hours,2028-06-23,10
SS32,S25,M3,A12,Goal Setting,1 hours,2028-06-23,10
SS33,S26,M8,A31,Skill Assessment,2 hours,2025-01-16,7
SS34,S27,M9,A16,Resume Review,1 hours,2021-07-20,7
SS35,S28,M3,A20,Skill Assessment,2 hours,2023-02-18,10
SS36,S29,M3,A20,Feedback Session,2 hours,2023-03-08,6
SS37,S30,M1,A25,Resume Review,1 hours,2024-05-02,8
SS38,S31,M1,A25,Mock Interview,1 hours,2024-05-14,8
SS39,S32,M8,A12,Feedback Session,2 hours,2021-03-31,10
SS40,S33,M8,A12,Skill Assessment,1 hours,2021-04-15,8
SS41,S34,M8,A12,Mock Interview,1 hours,2021-04-28,6
SS42,S35,M8,A12,Goal Setting,2 hours,2021-06-26,9
SS43,S36,M10,A28,Mock Interview,1 hours,2031-11-06,5
SS44,S37,M19,A11,Resume Review,2 hours,2039-07-08,9
SS45,S38,M4,A42,Resume Review,2 hours,2023-01-29,7
SS46,S39,M4,A42,Goal Setting,2 hours,2023-02-09,6
SS47,S40,M4,A42,Skill Assessment,1 hours,2023-03-22,6
SS48,S41,M13,A1,Mock Interview,1 hours,2021-12-07,8
SS49,S42,M13,A1,Goal Setting,2 hours,2022-01-04,9
SS50,S42,M13,A25,Goal Setting,2 hours,2022-01-04,9
SS51,S43,M13,A1,Skill Assessment,2 hours,2021-12-21,6
SS52,S44,M13,A1,Feedback Session,1 hours,2022-01-06,5
SS53,S45,M10,A7,Goal Setting,1 hours,2024-07-04,7
SS54,S46,M10,A7,Resume Review,1 hours,2024-07-14,6
SS55,S47,M10,A7,Introduction,1 hours,2024-08-31,7
SS56,S48,M11,A44,Skill Assessment,2 hours,2022-03-07,9
SS57,S49,M13,A27,Mock Interview,2 hours,2024-07-26,5
SS58,S50,M13,A27,Feedback Session,2 hours,2024-08-04,5
SS59,S51,M13,A27,Goal Setting,2 hours,2024-08-27,6
SS60,S52,M13,A27,Feedback Session,1 hours,2024-09-18,7
SS61,S53,M10,A1,Feedback Session,2 hours,2021-06-02,6
SS62,S54,M10,A1,Goal Setting,2 hours,2021-06-19,10
SS63,S55,M4,A21,Resume Review,1 hours,2024-12-30,7
SS64,S56,M4,A21,Resume Review,2 hours,2025-01-21,7
SS65,S57,M4,A21,Mock Interview,2 hours,2025-02-26,7
SS66,S58,M15,A43,Introduction,2 hours,2025-04-27,7
SS67,S59,M15,A43,Resume Review,2 hours,2025-05-16,5
SS68,S60,M1,A2,Skill Assessment,1 hours,2025-06-21,9
SS69,S61,M1,A2,Mock Interview,1 hours,2025-06-29,5
SS70,S62,M10,A15,Goal Setting,2 hours,2039-08-23,6
SS71,S63,M10,A15,Resume Review,1 hours,2039-09-19,7
SS72,S63,M10,A5,Resume Review,1 hours,2039-09-19,7
SS73,S63,M10,A49,Resume Review,1 hours,2039-09-19,7
SS74,S64,M5,A38,Goal Setting,1 hours,2023-11-04,10
SS75,S65,M18,A1,Introduction,1 hours,2021-07-21,7
SS76,S66,M18,A1,Feedback Session,1 hours,2021-08-14,9
SS77,S67,M18,A1,Feedback Session,2 hours,2021-08-12,6
SS78,S68,M18,A1,Mock Interview,2 hours,2021-10-13,10
SS79,S68,M18,A47,Mock Interview,2 hours,2021-10-13,10
SS80,S69,M17,A25,Feedback Session,1 hours,2024-02-03,7
SS81,S70,M15,A11,Resume Review,1 hours,2039-02-27,7
