UserID,Name,Phone,Address,EmailID,Date_of_birth,Username,Join_date,Password
U001,Norma Fisher,(412) 004-6894,"7633 Bentley Radial Apt. 603, Port Jacobton, SC 89301",williamgibson@yahoo.com,1983-06-09,kingdalton,2021-03-13,(sj2ZNDtLa
U002,Jorge Sullivan,(157) 954-5308,"184 Jenkins Center Suite 977, Janetborough, KY 06036",marissa78@long.com,1975-08-05,callahanbrenda,2024-11-02,+pAvg4sXt1
U003,Elizabeth Woods,(378) 065-0831,"0402 Kristin Springs, New Randy, IN 59968",melissa27@rivers.biz,1980-02-03,yjohnson,2021-12-01,gp%3(MpV8g
U004,Susan Wagner,(830) 852-3978,"155 Barry Glens, New Bradleystad, IL 69250",bakerjerry@gmail.com,2003-06-23,michaelgrant,2021-08-22,X7Vvptes#Z
U005,Peter Montgomery,(762) 742-0545,"4486 Olson Well, North Kevin, CA 01707",michaeldavis@hotmail.com,1955-07-05,wendysteele,2020-03-28,u%eD5UauyX
U006,Theodore Mcgrath,(436) 001-2959,"67771 Christopher Courts Apt. 637, Port Ronaldfurt, HI 33233",brendagonzalez@atkins.org,1961-10-16,raymondlynch,2020-04-23,TQ1bWJ)iv#
U007,Stephanie Collins,(200) 829-2122,"5561 Bishop Turnpike, Lake Kenneth, NY 79756",velazquezanita@yahoo.com,1983-05-29,rbailey,2024-03-15,%1(EnlVyyw
U008,Stephanie Sutton,(826) 605-4590,"3019 Gerald Mall Apt. 340, Trevinoville, SD 36216",allentyler@hill-smith.com,1995-03-04,terri83,2020-06-04,2Uy$CuwW^T
U009,Brian Hamilton,(390) 555-1955,"84331 Leonard Fort Suite 749, East Lisa, NY 43477",jonesashley@gmail.com,1999-01-26,stevenedwards,2023-08-26,+eZVR&M77c
U010,Susan Levy,(163) 594-2382,"62281 Kathy Tunnel, Hudsonborough, VA 17819",jvalencia@gmail.com,1962-12-12,joshuabeck,2021-12-21,)2w!mYCq#3
U011,Sean Green,(928) 159-9891,"9927 Christina Burg Suite 774, East Angelaburgh, NM 97149",juliacastillo@yahoo.com,2005-09-07,millerlori,2023-09-08,@SOQt_mqB5
U012,Kimberly Smith,(925) 474-7266,"142 Warner View Suite 460, North Leslie, IA 45480",xsalazar@gmail.com,1963-07-02,monica50,2020-12-30,1EbfHQis@D
U013,Jennifer Summers,(515) 242-5715,"5240 Berry Centers, West Andrew, AR 03720",vincent73@hotmail.com,1955-12-22,carrkelly,2024-03-10,UN^i8APhU#
U014,April Snyder,(545) 263-3297,"51056 Patricia Forge, Grahamstad, HI 85576",ryan56@hotmail.com,1961-12-12,jacksonjoshua,2022-04-25,Z56grcAz*$
U015,Dana Nguyen,(969) 305-2076,"0648 Malone Port Apt. 662, New Devonhaven, VA 92199",castillokelly@yahoo.com,2001-11-12,williamreed,2019-12-20,NtVzWysK+4
U016,Cheryl Bradley,(910) 649-3609,"23028 Jennifer Meadow Apt. 972, West Matthewfurt, SC 05261",sarah25@perez-becker.biz,1983-02-07,gdavis,2021-02-09,93&3Lmv5CY
U017,Walter Pratt,(369) 779-6660,"2738 Martin Terrace Suite 547, Smithhaven, LA 72649",kwhitney@hotmail.com,1970-09-22,lmartinez,2022-11-04,e(u2RWwe(O
U018,Bobby Flores,(422) 518-9729,"984 Stephen Stravenue, South Michaelton, KY 97488",fshaw@edwards.com,1956-01-08,lbarajas,2022-11-25,$5wW0NkPcJ
U019,Tasha Rodriguez,(632) 407-5758,"Unit 4943 Box 8856, DPO AA 27891",ostewart@joyce-johnston.com,1996-09-05,john64,2022-12-23,F5KSItFw!y
U020,Michelle Kelley,(349) 072-4350,"98522 Mathis Viaduct Apt. 909, West Michael, LA 42837",bakerjessica@gmail.com,1972-05-13,johnsonalan,2022-05-20,zs5XtvBm(5
U021,Kimberly Maynard,(496) 303-9624,"620 Ashley Mills Apt. 507, Julieborough, OH 56059",lauradiaz@benton.biz,1971-10-31,charles55,2024-02-14,w_2Fk_s3_%
U022,Laurie Wallace,(983) 269-7579,"212 Shelly Roads, Fischerview, LA 02288",darrenjacobs@miller.com,1980-01-03,brandon38,2022-01-04,!)Rvsdpqk5
U023,Janice Johnston,(209) 665-4247,"8885 Lee Tunnel Suite 208, Port Donna, OK 50851",ljones@perez.biz,1961-09-17,jordanbrown,2020-12-28,__P0NebKvZ
U024,Collin Lopez,(469) 373-2770,"693 Michael Estate, Lake Michael, NM 03009",grahampatrick@gmail.com,1977-04-02,lbarnes,2020-01-17,V8*H4(LrQ_
U025,Mary Alvarez,(638) 461-4422,"342 Miller Mission, Lake Jennifer, NY 92905",aguilarjane@yahoo.com,1973-09-13,jonedwards,2023-12-07,ygGyF$nG+8
U026,Peter Mcdowell,(342) 253-9920,"71664 Kim Throughway, Chelsealand, AK 65056",caitlindavis@gmail.com,1979-04-16,tpreston,2021-07-21,%93Oz*HPMq
U027,Sarah Villanueva,(124) 944-2049,"66660 Gomez Port Apt. 945, South Thomashaven, AZ 11181",andrew29@taylor.com,1995-10-15,hendersongavin,2023-03-26,32O26PCrQ&
U028,Kimberly Myers,(516) 459-8841,"0131 Williams Ville Apt. 562, Richardberg, FL 53480",hromero@garcia.info,1997-03-19,halllindsey,2022-09-28,D_kd923anZ
U029,Desiree Cain,(880) 056-9759,"22708 Madison Spurs, Herringstad, OR 11353",spencermorgan@yahoo.com,1966-10-03,fjohnson,2023-11-19,_v4MbXkFX&
U030,Stephanie Lawrence,(316) 619-4852,"3454 Holmes Motorway, Port Rachel, FL 05560",gmiller@yahoo.com,2004-07-22,corey22,2022-06-02,4Fc(Ecqs*2
U031,Lauren Hayes,(002) 650-5589,"805 James Turnpike, Carrmouth, GA 93500",ewright@johnson-cummings.com,1990-09-20,wsmith,2023-08-08,Y+7WDVCj#(
U032,Whitney Stark,(968) 119-8335,"8081 Smith Trail, North Ronaldstad, NV 44515",pwalker@yahoo.com,1990-09-25,alicia18,2021-01-14,M&FuJ6$y#0
U033,Angela Salazar,(862) 010-5369,"125 Ian Crossroad Apt. 593, South Deannaport, MS 07347",cthomas@yahoo.com,1957-11-29,vincentadams,2023-11-25,)u2jHOv54&
U034,Mr. Ryan Sanchez,(163) 511-2432,"1607 Munoz River, Emilyshire, NH 54532",jgreene@hotmail.com,1976-11-27,druiz,2022-05-16,@4JTonLD6I
U035,Autumn Robinson,(366) 330-8463,"3615 David Keys Apt. 269, West Stephenside, UT 65516",kevinholmes@martinez.com,1988-12-05,jennadickerson,2022-09-05,3)q2HQqeea
U036,Faith Cabrera,(819) 554-8379,"640 Mary Common, Michaelville, AZ 20721",mmyers@crawford-jackson.com,1991-06-08,james23,2022-10-28,ZsAFLGHz*4
U037,Charles Wolfe,(390) 914-6101,"PSC 4006, Box 5282, APO AE 23388",jenniferwhite@hotmail.com,1954-10-21,kristina28,2023-02-03,$G72Ai)Ow0
U038,Kenneth Kent,(551) 941-3491,"395 Timothy Road, Williamsbury, LA 43567",cynthiawilliamson@hotmail.com,1964-11-03,amy23,2023-03-22,KB+2I1VaEf
U039,Melanie Johnson,(167) 253-2320,"3267 Walter Dam, Cunninghamtown, OR 01239",fjohnson@bridges.com,1987-07-28,tschaefer,2024-10-11,&6l)LlsGNH
U040,Lisa Johnston,(907) 788-3633,"00580 Brandon Creek, Port Eric, MS 03966",johnsawyer@walker.net,1955-05-08,johncastro,2023-04-08,QTc!J&hi)2
U041,Jacob Hooper,(915) 241-7737,"325 Amanda Cliffs Apt. 695, South Paulabury, MS 29996",nicole57@hotmail.com,1997-03-19,juliewarren,2024-02-14,*#7M(jraXg
U042,Alex Woodward,(473) 729-3965,"PSC 3769, Box 1448, APO AA 71586",nathanbridges@kim.info,1971-05-28,lauren07,2022-05-22,sdK#2GOi&i
U043,Caleb Clark,(646) 229-8713,"40956 Amanda Walk Apt. 260, Simonfurt, CT 93980",jeffreywilson@finley.info,1976-06-02,bryanjackson,2024-08-28,n1_!9Q5rBY
U044,Taylor Johnson,(959) 404-7363,"25762 Gill Creek Suite 525, Mccoyton, KS 23687",janet06@miller.org,1963-03-23,ilewis,2021-11-08,ZFY39OkLQ#
U045,Brian Green,(495) 050-6098,"6048 Johnson Loop Suite 635, East Daniel, GA 04593",cynthiayu@hotmail.com,1977-04-08,fgarcia,2021-06-17,IMwKBTpz(2
U046,Matthew Bell,(000) 694-7508,"1168 Gary Fords Apt. 308, Port Trevor, RI 96954",iparker@jones.com,1960-08-12,nolanpatricia,2023-07-11,a1DtN9ir$L
U047,Jonathan Williams,(616) 405-0051,"164 Matthew Parkway Suite 826, Jimmyfurt, MS 62271",xjensen@miller-johnson.com,1995-08-08,nixontonya,2021-09-11,Ij5Z5NMuK@
U048,William Gonzalez,(908) 198-0399,"1220 Heidi Rue Apt. 998, West Haleyburgh, CO 05222",eric41@west.biz,1992-01-18,rcole,2022-02-09,+Am9jJpwAc
U049,Nicholas Massey,(641) 121-2833,"751 Wood Square Suite 732, Port Melissaburgh, SD 22365",jeremy94@gmail.com,1982-04-11,qdudley,2024-03-25,mO)*5#Efaz
U050,Caroline Chambers,(794) 630-8871,"376 Smith Dale Suite 279, South Sarahland, OR 53609",lesliesilva@brown-kaiser.info,2005-06-05,escott,2021-04-12,%8*(mBlf#m
